model,precision,recall,f1,roc_auc,test_n
RandomForest,1.0,0.9375,0.967741935483871,0.9970238095238095,97
LogisticRegression,1.0,0.875,0.9333333333333333,0.9753401360544218,97
